file,frame_size,overlap,mse,wave_corr,mel_corr_full,mel_corr_mean,mel_corr_std,ssim_mean,ssim_std
20210121_062120_1min.WAV,1200,0.0,0.00013460986,0.8502450439403102,0.8415459204039994,0.9833125648903445,0.004881277188158304,0.179425979295655,0.01853082368959983
20210121_062120_1min.WAV,1200,0.1,0.00013142594,0.8544092240559634,0.8425895170915537,0.9834974562703309,0.005448428414071946,0.1781821203815618,0.017952226669299527
20210121_062120_1min.WAV,1200,0.25,0.00012384923,0.8640967790030747,0.8522210937710017,0.9847708147594989,0.004596134186223891,0.1882373857757045,0.018642989640124136
20210121_062120_1min.WAV,1200,0.5,0.0001138438,0.8779264030496637,0.8720412554854626,0.9867073156374073,0.0039047429283377805,0.21596511568404336,0.023316522366650206
20210121_062120_1min.WAV,2400,0.0,0.0001167459,0.8717483150018842,0.8620379626046386,0.9872883804407073,0.002972868211246699,0.19757912250271653,0.017926610805953577
20210121_062120_1min.WAV,2400,0.1,0.00011185708,0.8777360417528082,0.8653337232696433,0.9878821915167094,0.0031285384643604504,0.1976256622017382,0.014619609562873271
20210121_062120_1min.WAV,2400,0.25,0.00010669614,0.884146785022869,0.8681888285982151,0.988107183854631,0.0025274697546752802,0.1987770488157737,0.016797519719432306
20210121_062120_1min.WAV,2400,0.5,0.00010087268,0.8929974378612541,0.8795886447540319,0.9885763624963804,0.002537775940514332,0.2146063120233056,0.022442968939259077
20210121_062120_1min.WAV,4800,0.0,0.000110155,0.8791008069451502,0.8711070249174403,0.9891302662595585,0.001896843046959054,0.20289888981591994,0.01607961048574878
20210121_062120_1min.WAV,4800,0.1,0.00010642138,0.8837825506332293,0.8717715850908324,0.9890717379547211,0.0020331332753053127,0.2007140577089328,0.01679506184907179
20210121_062120_1min.WAV,4800,0.25,0.00010211235,0.8891124392198059,0.876439857331241,0.9893906632320204,0.0019837657577299046,0.20577661365611585,0.02015313881102617
20210121_062120_1min.WAV,4800,0.5,9.253228e-05,0.9012721612906976,0.8863274561838709,0.9901460062182799,0.0017186183981520676,0.2236921176879138,0.023249589099199584
20210121_062120_1min.WAV,9600,0.0,0.00010747172,0.882147128288352,0.8657480162265568,0.9894278867168482,0.0017615913825062735,0.20448098803696088,0.019269331542081596
20210121_062120_1min.WAV,9600,0.1,0.00010630735,0.8838382600506811,0.8696405474946508,0.9898190118093397,0.0014912725281855993,0.20352744067105003,0.017112509280975755
20210121_062120_1min.WAV,9600,0.25,0.00010262051,0.8882504877655992,0.8699113503461623,0.9898191329377187,0.0014328129449153468,0.20652237629051903,0.019866286169820238
20210121_062120_1min.WAV,9600,0.5,9.3959796e-05,0.8992131943442285,0.880408228835615,0.9899718806448766,0.0018006842562806578,0.22158317492520696,0.024120275591596203
